CustomerID,Name,E-mail,Phone
1231,Keith,danielle05@yahoo.com,(254)295-1
1183,Larry,lindsey45@hotmail.com,(469)928-4
1844,William,hillheather@hotmail.com,001-953-29
1670,Carla,bwaters@gmail.com,(576)513-2
1713,Amber,tcarpenter@hotmail.com,(570)712-3
1250,Ann,kimberly50@hotmail.com,001-612-75
1560,Jennifer,jamestran@yahoo.com,743-955-67
1807,Daniel,nicoleharvey@hotmail.com,+1-748-993
1239,Brian,millersusan@yahoo.com,605-709-82
1468,Alexander,fmack@hotmail.com,+1-896-219
1774,Jimmy,jason99@hotmail.com,001-908-42
1683,Jo,porterwilliam@yahoo.com,580-234-09
1956,Tammy,jliu@gmail.com,8973818813
1328,Richard,tonyadunn@yahoo.com,8155302148
1977,Sarah,stephanie96@yahoo.com,742-954-29
1531,Regina,danieljackson@gmail.com,544-696-58
1500,Caleb,rodriguezricky@gmail.com,650.342.56
1939,Vincent,sanchezalexander@hotmail.com,001-315-52
1653,Margaret,derekharris@gmail.com,523.308.53
1052,Jonathan,martinfrances@hotmail.com,595.328.50
1508,Donald,ryanhunt@yahoo.com,(912)269-3
1558,Christopher,david73@yahoo.com,685-232-02
1030,Jeffrey,amanda94@hotmail.com,(292)436-1
1026,Kyle,psloan@yahoo.com,646-459-94
1385,Kimberly,frankbarry@gmail.com,(701)455-0
1947,Danny,jesus65@hotmail.com,295.346.73
1913,Jeffrey,christophercooper@hotmail.com,+1-297-947
1489,Rhonda,yedwards@hotmail.com,3618184031
1997,Jason,bartlettamanda@gmail.com,+1-234-834
1588,Matthew,ureed@hotmail.com,(910)757-7
1722,Luis,alexsimmons@gmail.com,648.417.77
1222,Alicia,jacob91@yahoo.com,327.212.97
1880,Jennifer,sandovalmonique@gmail.com,001-214-39
1238,Ryan,alisha34@yahoo.com,417-930-99
1592,Glenn,piercemichael@gmail.com,969.257.95
1829,Kevin,michaeldavis@yahoo.com,+1-919-639
1527,William,smithlindsay@gmail.com,+1-531-684
1859,Jasmine,hrogers@hotmail.com,548.297.35
1879,Marcus,zcastillo@yahoo.com,352-605-60
1514,Heather,millerdakota@yahoo.com,+1-559-216
1566,Richard,james13@hotmail.com,716-268-47
1991,Brooke,bpeters@yahoo.com,001-203-94
1422,Scott,robertsonrichard@gmail.com,6902262676
1872,Donald,pettysara@hotmail.com,(547)977-8
1407,Jocelyn,kingamber@yahoo.com,001-788-38
1029,James,robinsontheresa@hotmail.com,630-937-64
1164,Erin,ghernandez@gmail.com,940-218-05
1990,Christine,cabreraebony@hotmail.com,284.209.74
1039,Natalie,gmccall@hotmail.com,704-993-16
1417,Kyle,ujohnson@hotmail.com,+1-491-535
1105,Mary,vaughnkimberly@gmail.com,001-628-72
1796,Keith,ingramashley@hotmail.com,(928)558-7
1020,Angela,wilsoncarla@hotmail.com,761-386-06
1076,Victoria,qdavis@gmail.com,(810)573-5
1170,Derrick,evansheather@hotmail.com,789-726-68
1322,Gary,cochranthomas@gmail.com,(913)892-4
1443,Katelyn,davidparker@gmail.com,(250)461-2
1299,Laura,adamstone@gmail.com,001-228-45
1009,William,christopherpetty@gmail.com,001-983-89
1434,Eric,haroldnorris@hotmail.com,799-848-36
1102,Anne,christopherdiaz@hotmail.com,001-305-73
1074,Andrea,anthonyking@gmail.com,6592375509
1923,James,josephgibbs@gmail.com,376-760-06
1849,Harold,smithjasmine@gmail.com,001-528-86
1638,Gregory,coxjames@hotmail.com,(939)488-9
1267,Robert,allisonjohnson@gmail.com,+1-781-495
1582,Christina,jennifermills@hotmail.com,9526105968
1260,Dennis,reginaldreese@yahoo.com,3898391270
1571,Amanda,asimpson@gmail.com,001-434-33
1143,Kiara,gary55@hotmail.com,650-250-07
1959,Kristen,brandon60@gmail.com,252-249-36
1612,Shannon,andrewgraham@gmail.com,(200)426-3
1747,James,zachary13@gmail.com,(535)255-5
1498,Kristy,kristinhughes@gmail.com,001-311-67
1426,Nathaniel,cortezcorey@gmail.com,(370)843-3
1081,Elizabeth,theresa21@gmail.com,843-565-87
1281,Michelle,olivia98@gmail.com,799.298.52
1607,Sherry,sarahstewart@yahoo.com,5309422806
1975,Amanda,jermainegraham@yahoo.com,6193779291
1393,Jesse,rossbeverly@gmail.com,355-634-60
1404,David,shawnsmith@hotmail.com,359.610.61
1649,Robert,hashley@hotmail.com,+1-778-548
1575,Stephen,kelly76@hotmail.com,+1-700-736
1945,Derek,ashley51@yahoo.com,(997)664-4
1821,Joy,kathy29@gmail.com,(562)335-5
1888,Joseph,brandonharrison@hotmail.com,001-630-97
1928,Jonathan,camachosteven@hotmail.com,+1-463-473
1714,Roberto,teresanicholson@hotmail.com,499-741-29
1261,Philip,castroangela@hotmail.com,(999)335-8
1950,Melissa,betty65@yahoo.com,(304)808-2
1740,Alexandra,iho@gmail.com,859-897-07
1057,Michelle,moorenathan@yahoo.com,295-407-17
1709,Joel,charlotte14@gmail.com,(551)724-6
1309,Randy,diane23@gmail.com,(339)441-7
1180,Amy,gfuller@yahoo.com,815.335.52
1814,Jessica,kim35@hotmail.com,(730)984-1
1802,Richard,david79@gmail.com,961.936.94
1591,Taylor,gmora@yahoo.com,309.948.96
1629,Gwendolyn,gwilson@hotmail.com,915.755.75
1004,Daniel,gonzalezmichael@yahoo.com,001-636-38
1389,Karen,robertkelley@hotmail.com,(462)722-5
1674,Matthew,hollyperez@hotmail.com,721-614-70
1811,Bonnie,ericrodriguez@hotmail.com,001-933-95
1338,Destiny,moraleskathleen@yahoo.com,(942)359-1
1801,Lisa,elizabeth70@hotmail.com,(988)533-6
1332,Kristin,jamie44@gmail.com,543.486.46
1800,Samantha,adam41@hotmail.com,6548737475
1549,Zachary,patrick79@gmail.com,(444)622-4
1040,Courtney,patriciajimenez@yahoo.com,(517)270-6
1870,Herbert,pmueller@hotmail.com,246-549-43
1778,Angela,scottberry@gmail.com,(967)281-3
1661,Nicholas,carolyn96@gmail.com,(931)385-1
1273,Alicia,jason18@yahoo.com,7839728771
1202,Angela,samuel81@yahoo.com,856.770.70
1079,Kristen,deborah32@hotmail.com,406.461.46
1226,Daniel,jduke@gmail.com,833-423-64
1277,Patrick,josephhardin@hotmail.com,001-491-27
1155,Daniel,gomezdavid@yahoo.com,001-332-42
1822,Jennifer,michaelasharp@yahoo.com,001-439-51
1229,Donna,mark16@yahoo.com,+1-745-532
1022,Catherine,alexandra34@gmail.com,(519)744-0
1499,Tyler,laura86@yahoo.com,+1-822-687
1280,George,brownkim@hotmail.com,(891)976-8
1585,Christopher,erica24@gmail.com,327.359.52
1477,Lynn,whitneyyoung@hotmail.com,7166443773
1647,Robert,annawells@yahoo.com,8608090953
1717,Natasha,sergiocarlson@gmail.com,001-593-80
1610,Ashley,andrea58@yahoo.com,(466)301-5
1636,Misty,melodywebb@yahoo.com,(826)710-7
1943,Steven,myerstracy@yahoo.com,709-436-10
1846,Hannah,tylercrawford@hotmail.com,001-802-94
1521,Luis,jwebb@hotmail.com,+1-389-794
1839,Amber,ian71@yahoo.com,(945)842-7
1249,Cory,kevinblack@gmail.com,+1-228-510
1982,Tonya,aaron91@gmail.com,861-746-79
1152,Joseph,ethan99@gmail.com,+1-508-519
1551,Jennifer,daniellejohnson@yahoo.com,(806)426-0
1211,Jason,craigoliver@yahoo.com,8088655922
1864,Matthew,baldwinbenjamin@yahoo.com,911.911.19
1331,Anthony,carol08@gmail.com,+1-448-866
1129,Eric,petersbrian@gmail.com,(612)626-5
1973,Peter,johnstonnicole@gmail.com,001-703-41
1189,John,floresdavid@hotmail.com,755.728.10
1632,Mary,kevinsilva@hotmail.com,6252172723
1579,Tammy,george26@gmail.com,001-779-66
1690,Chase,jesse87@hotmail.com,901-325-91
1428,Ashley,williamsjanet@gmail.com,721-836-06
1386,Kenneth,wstuart@hotmail.com,658.446.42
1097,Ryan,lisa43@gmail.com,485.389.12
1374,Roger,cshields@hotmail.com,(367)524-1
1518,Paul,njordan@gmail.com,001-911-59
1446,Barbara,ibyrd@gmail.com,403-762-94
1024,Nicole,crosbysamuel@yahoo.com,825.863.69
1572,Alexandra,mark49@yahoo.com,001-227-54
1176,Robert,espinozabecky@hotmail.com,001-458-51
1756,Allen,toddball@hotmail.com,(243)924-1
1596,Kathleen,floresgrace@gmail.com,001-654-77
1920,Samantha,jeremy14@yahoo.com,215.451.19
1587,Matthew,matthewfields@gmail.com,335.906.37
1522,Herbert,mariemitchell@hotmail.com,254-346-56
1464,Tiffany,oturner@yahoo.com,343-963-05
1532,Kristin,dianagay@gmail.com,+1-578-287
1597,Mary,joseph83@gmail.com,001-827-59
1818,Crystal,shunt@hotmail.com,(735)540-1
1329,Anna,yallen@gmail.com,620-725-92
1529,Richard,jeffrey02@hotmail.com,001-511-66
1195,Timothy,saundersmichael@gmail.com,(290)648-4
1055,Robert,gramirez@hotmail.com,9575685370
1070,Kirsten,brittanyjackson@hotmail.com,344-417-06
1666,Daniel,kevinfernandez@yahoo.com,(972)635-5
1111,Timothy,kennethbrooks@hotmail.com,+1-679-552
1001,John,thorntonrichard@hotmail.com,(905)527-7
1698,Nicholas,gdavis@gmail.com,442-253-26
1667,Christopher,suzanneharris@yahoo.com,915.702.36
1346,Leah,nicholsrobert@gmail.com,+1-477-454
1375,Matthew,jamessmith@hotmail.com,350-228-97
1742,Phillip,kristenanderson@gmail.com,675.442.79
1049,Jason,rcampbell@yahoo.com,5797612414
1622,Sarah,wjohnson@yahoo.com,737-468-95
1198,Stephanie,yurobert@gmail.com,(410)629-6
1688,Gabriel,casedaniel@yahoo.com,556.823.04
1769,Dawn,patrickwood@yahoo.com,(343)378-7
1381,Ian,yphillips@hotmail.com,+1-657-264
1570,Kirk,sarahobrien@gmail.com,230-332-07
1540,Mariah,nathancortez@hotmail.com,705-887-10
1165,Laura,rebeccawilliams@hotmail.com,599-672-07
1204,Dana,perezjessica@yahoo.com,001-313-99
1400,Michelle,robertphelps@yahoo.com,001-209-79
1528,Colleen,carlos20@hotmail.com,601-460-03
1019,Michael,michaelwong@hotmail.com,692.327.32
1825,Richard,ychan@yahoo.com,923-903-52
1999,Arthur,robertskevin@yahoo.com,715-304-47
1478,Gabrielle,ilewis@hotmail.com,571-893-17
1414,Jeremy,jamesgarrett@yahoo.com,2784393929
1082,Emily,erica49@gmail.com,754.631.07
1867,Natalie,amandaturner@gmail.com,001-456-31
1241,Zachary,crosbyearl@yahoo.com,(306)345-7
1813,Kimberly,nicholasdyer@hotmail.com,821-331-09
1780,Nicole,debra40@gmail.com,001-871-33
1736,Jennifer,annadennis@hotmail.com,+1-672-589
1701,Randy,kenneth24@gmail.com,560.431.45
1978,Kristina,melissa51@gmail.com,001-447-54
1279,Ana,pbaker@hotmail.com,704-214-44
1085,Christian,whitegina@hotmail.com,714-598-91
1122,Jason,dmartinez@yahoo.com,990-692-19
1301,Matthew,calderoncynthia@yahoo.com,001-818-53
1720,Tara,powerstracy@gmail.com,(730)768-0
1135,Edward,solomonscott@hotmail.com,001-430-82
1003,Sean,lisa47@hotmail.com,(716)468-5
1008,Megan,wolfesheila@gmail.com,7659465972
1675,James,johnsonalicia@hotmail.com,415-934-24
1738,Daniel,amy85@yahoo.com,623.962.90
1217,Kelsey,gail81@yahoo.com,595.809.57
1581,William,ywelch@yahoo.com,745-816-61
1733,Nancy,yreese@yahoo.com,621-854-60
1248,David,stevencuevas@gmail.com,001-880-62
1061,Mark,juliegriffith@gmail.com,579.954.93
1190,Stephanie,bobbyalexander@gmail.com,598.932.95
1262,Bianca,lopezelizabeth@gmail.com,224-233-51
1086,Mark,robert74@hotmail.com,855-531-20
1473,Angela,charles15@gmail.com,724.532.87
1550,Mark,john08@gmail.com,348-564-48
1090,Teresa,allenkenneth@gmail.com,(961)643-6
1368,Tommy,ross24@gmail.com,315.394.93
1462,Jennifer,dward@gmail.com,(923)303-9
1415,Jason,bakermatthew@hotmail.com,235-456-90
1098,Edward,robinnolan@hotmail.com,+1-909-806
1869,Michael,anthonyfitzgerald@yahoo.com,638.220.87
1230,Ryan,leerickey@gmail.com,001-798-77
1983,Joseph,johnsontammie@gmail.com,3286968456
1914,Connie,chase74@gmail.com,001-534-81
1757,Teresa,sanderson@hotmail.com,+1-659-997
1197,Kevin,jason31@gmail.com,+1-902-927
1396,Ashley,smithjeffrey@yahoo.com,452.763.01
1753,Maria,williamsdevin@hotmail.com,+1-256-885
1681,John,millerbetty@yahoo.com,555-342-98
1435,Amanda,mark91@hotmail.com,525-566-50
1656,Jeremy,andrew78@yahoo.com,001-810-20
1158,Tiffany,kendrabrown@gmail.com,207.586.61
1669,Bradley,keithmiller@hotmail.com,(667)687-3
1890,Amy,amylee@yahoo.com,(265)881-7
1520,Tina,hernandezmark@yahoo.com,(699)883-7
1292,John,toddthompson@hotmail.com,430.353.68
1877,Tina,kim21@yahoo.com,+1-920-887
1917,April,sarah18@hotmail.com,876.388.60
1644,Joyce,schwartzmatthew@yahoo.com,+1-244-774
1294,Alexis,seanrodriguez@yahoo.com,9864631099
1360,Natalie,kmitchell@gmail.com,710-566-84
1770,Michael,brich@yahoo.com,532.516.12
1837,Brandon,scott67@yahoo.com,+1-305-944
1295,Kaitlyn,calderonbradley@hotmail.com,463.833.08
1071,Jasmine,david02@hotmail.com,(985)842-7
1827,Joseph,xholmes@yahoo.com,354.459.28
1854,Doris,wangamanda@gmail.com,001-651-27
1146,Sandra,antoniomejia@hotmail.com,+1-287-955
1655,Ryan,tonya18@gmail.com,(258)556-5
1205,Ashley,montesteresa@gmail.com,(614)255-7
1114,Angela,lhansen@yahoo.com,(688)613-5
1107,Lisa,cheryl10@hotmail.com,860-508-54
1530,Janet,jacob22@gmail.com,(640)430-0
1053,Jessica,osbornkelly@gmail.com,499.270.37
1773,Bobby,fgray@yahoo.com,(820)744-3
1606,Laura,melissamclaughlin@gmail.com,295.206.30
1988,Rose,victoria08@yahoo.com,823.409.46
1731,Peter,nicholaspark@yahoo.com,384-517-18
1640,Michael,nestrada@gmail.com,+1-544-677
1918,Richard,hcaldwell@yahoo.com,664-900-16
1388,Joseph,edward91@hotmail.com,001-775-86
1633,Robert,jillian85@yahoo.com,(745)704-6
1316,Teresa,johnsangela@gmail.com,001-365-79
1840,Scott,owensjoseph@gmail.com,324.967.78
1616,Michelle,josephwilson@hotmail.com,(243)381-9
1169,Lisa,yhicks@yahoo.com,+1-950-708
1215,Nichole,lindabaker@gmail.com,526-775-98
1132,Catherine,ljordan@gmail.com,001-203-44
1711,Amber,christopher74@gmail.com,959.836.30
1320,Brandon,dmartinez@yahoo.com,982.901.12
1276,Tony,johnhenry@yahoo.com,372-926-37
1494,Charles,kristinwheeler@gmail.com,+1-545-588
1458,Tami,sydneymartin@hotmail.com,275-316-25
1305,Larry,christine17@yahoo.com,261.651.29
1625,Joseph,allenanderson@gmail.com,(534)294-1
1207,Brian,yolanda39@gmail.com,869-564-26
1014,Brenda,gregoryvance@gmail.com,(446)327-7
1068,Corey,brandi26@yahoo.com,+1-939-527
1356,Kathleen,mcdonaldronald@gmail.com,(463)390-1
1178,Michelle,perezcarly@yahoo.com,320-955-81
1398,Kayla,whitegabriella@hotmail.com,001-856-36
2000,Nicole,jcarson@yahoo.com,(802)232-8
1351,Audrey,brownruth@gmail.com,223-412-27
1192,Christina,carriegarcia@gmail.com,001-446-92
1727,Ashley,michaelwilliams@hotmail.com,489.380.71
1047,Brian,kimberly18@gmail.com,861-699-73
1298,Brendan,blee@gmail.com,803.343.11
1538,David,nicholas46@yahoo.com,001-768-59
1123,Jesus,hartjonathan@hotmail.com,+1-732-940
1306,Christopher,farrellkevin@yahoo.com,910.698.64
1339,Laurie,efoley@hotmail.com,+1-524-675
1341,Michelle,james92@yahoo.com,655-327-52
1601,Candace,vgregory@gmail.com,953-760-49
1541,Angela,nunezmelanie@yahoo.com,947-214-25
1721,Suzanne,sanderswalter@yahoo.com,354-987-61
1104,George,david29@gmail.com,(601)805-0
1391,Erin,chavezmargaret@hotmail.com,861.775.92
1200,Jennifer,chelsea88@gmail.com,395-645-92
1503,Sara,ronaldbowen@hotmail.com,(407)469-5
1831,Anthony,teresafreeman@gmail.com,(988)397-0
1732,Michelle,ojohnson@yahoo.com,001-600-67
1131,John,lmoore@gmail.com,463.732.33
1748,Tyler,anne74@gmail.com,(359)481-6
1245,Alyssa,castillothomas@yahoo.com,449-494-81
1408,Rachel,tonibates@yahoo.com,+1-231-662
1357,Jodi,ryanstevenson@gmail.com,(630)784-7
1586,Andrew,cummingskatherine@gmail.com,847-203-97
1812,Debbie,lrobertson@gmail.com,(576)576-0
1908,Shannon,robert54@yahoo.com,258.770.35
1882,Roger,williamsdaniel@hotmail.com,285.719.08
1874,Luis,devonjones@hotmail.com,001-334-69
1894,Jacob,andersondaniel@hotmail.com,7793392078
1447,Melissa,phillipserik@hotmail.com,387.229.10
1380,Mark,wellsaudrey@yahoo.com,885-630-47
1794,Matthew,lwarren@yahoo.com,(878)905-3
1562,Richard,robertlarson@gmail.com,244.582.09
1834,Ronald,cynthia24@hotmail.com,001-930-71
1096,Brooke,imiller@gmail.com,(299)916-9
1598,Adam,stephanie73@yahoo.com,+1-559-271
1760,Melissa,guerraanthony@gmail.com,+1-345-222
1121,Melissa,cboyd@gmail.com,265.408.87
1744,Amanda,rodriguezkatie@yahoo.com,(379)701-1
1149,Stacy,patriciachang@yahoo.com,(686)532-7
1236,Shari,hessreginald@yahoo.com,227.587.46
1751,Patrick,smithmargaret@gmail.com,605.315.04
1857,Ebony,dennisolson@yahoo.com,816-866-72
1383,Amanda,gomezcandace@yahoo.com,001-308-83
1113,Anthony,davislinda@yahoo.com,674.309.45
1909,Michael,samantha73@gmail.com,+1-469-679
1225,Brandon,tuckerjustin@yahoo.com,+1-672-489
1234,Michael,itucker@hotmail.com,888.708.76
1684,Marcus,carrsteve@gmail.com,4545650365
1397,Jenna,john55@gmail.com,(337)201-4
1576,Timothy,kellymoore@yahoo.com,449-376-07
1866,Patricia,qedwards@yahoo.com,749.576.20
1151,Matthew,mcgrathveronica@yahoo.com,221.225.95
1317,Gabrielle,wilsonlogan@yahoo.com,799.550.68
1358,Kim,romeroronald@yahoo.com,460.919.01
1593,Joe,fsmith@hotmail.com,(797)319-2
1993,Nancy,asimmons@gmail.com,+1-801-377
1659,Suzanne,vasqueztaylor@hotmail.com,888.578.57
1764,Daniel,veronicamiller@gmail.com,263-501-62
1619,Jesse,craig34@hotmail.com,247-867-04
1440,Brandon,danielleowens@yahoo.com,722.299.62
1677,Kevin,avilastanley@gmail.com,331-819-63
1624,Christine,benjaminpeterson@hotmail.com,642.618.95
1957,April,kimberlycole@gmail.com,+1-815-625
1962,Holly,keith68@gmail.com,001-211-36
1095,Christopher,ihatfield@hotmail.com,631-413-65
1297,Megan,eharris@gmail.com,383-617-62
1282,Jordan,williamgonzalez@hotmail.com,736-327-78
1016,Jean,christopher20@gmail.com,001-617-93
1635,Christopher,georgechelsea@gmail.com,001-630-56
1966,Brian,samanthalewis@gmail.com,898.282.00
1387,Christopher,yharris@yahoo.com,(469)784-9
1325,Andrew,johnsonbrandon@gmail.com,635-654-03
1961,Anna,ericyang@yahoo.com,(913)489-0
1817,Carlos,amysuarez@gmail.com,(694)766-3
1352,Dustin,joseph36@gmail.com,+1-607-963
1080,Linda,villarrealdustin@gmail.com,+1-844-342
1326,Kathy,ryan22@hotmail.com,519-743-41
1344,Jeffrey,april91@gmail.com,5587573260
1457,Reginald,brenda79@yahoo.com,001-421-93
1673,Jessica,ashleyanderson@yahoo.com,(495)725-1
1946,Gregory,erica97@yahoo.com,+1-609-316
1073,Jeffrey,nwood@hotmail.com,295.685.93
1641,Richard,kclark@gmail.com,001-345-35
1708,Regina,heatherrogers@gmail.com,(268)537-9
1139,David,johnsmith@hotmail.com,+1-903-468
1804,Erin,imorales@hotmail.com,001-523-43
1930,Erica,christophergreen@yahoo.com,(918)886-9
1167,Sheila,lynchjames@gmail.com,+1-319-451
1892,Erica,charles37@yahoo.com,(976)739-4
1221,Veronica,kennethbrown@gmail.com,+1-848-325
1066,Daniel,sreeves@yahoo.com,001-358-36
1491,Kelly,davidprice@yahoo.com,245.332.37
1996,Nathan,zbenton@hotmail.com,684-617-37
1862,Jacqueline,aperry@yahoo.com,232-651-01
1162,Julia,kzamora@hotmail.com,305.361.41
1259,Joshua,lfox@gmail.com,661.436.43
1893,Robert,qsmith@yahoo.com,001-380-68
1160,Taylor,matthewdunn@hotmail.com,+1-699-666
1937,Angela,ohenson@hotmail.com,827.759.21
1036,Tina,peckangela@gmail.com,001-601-96
1233,Tina,bensonjennifer@gmail.com,403-287-32
1933,Daniel,guzmanjacob@yahoo.com,7297284260
1614,Kathy,timothy83@yahoo.com,943-590-92
1548,Lauren,emcdonald@hotmail.com,+1-677-687
1509,Kayla,rharrison@gmail.com,4728163679
1237,Melody,kelly62@yahoo.com,+1-491-625
1789,Leah,juliakeller@yahoo.com,487-748-30
1193,Christopher,hjones@gmail.com,001-219-71
1469,James,joshua25@hotmail.com,001-682-26
1252,Brenda,michael83@gmail.com,(931)707-4
1448,James,matthewwells@gmail.com,+1-460-819
1476,Anthony,agreen@yahoo.com,+1-428-993
1810,Rebecca,micheledunn@yahoo.com,(245)949-8
1605,Sharon,sara11@gmail.com,588-973-18
1940,Ryan,brookehamilton@gmail.com,+1-301-640
1065,Lisa,elowe@gmail.com,959-574-41
1023,Keith,michaelrivers@yahoo.com,248-343-67
1687,Lynn,jessica43@yahoo.com,(481)259-8
1411,Juan,douglas01@gmail.com,(952)513-6
1027,Janice,sydneyallen@gmail.com,(551)966-6
1686,Christopher,sandycarey@yahoo.com,001-714-50
1936,Jacob,teresa97@gmail.com,001-921-85
1941,Andrew,regina54@yahoo.com,(203)511-8
1048,Mike,brittany11@gmail.com,(976)593-7
1735,Amy,hhansen@gmail.com,001-249-22
1723,Charles,curtismatthew@gmail.com,+1-466-912
1286,Logan,kelsey78@gmail.com,001-649-77
1955,Theresa,umercer@yahoo.com,001-665-44
1969,Kevin,samantha51@hotmail.com,782.917.83
1906,Douglas,fmarquez@yahoo.com,888.515.04
1010,Eric,garzanancy@yahoo.com,432-223-50
1453,John,ykirby@gmail.com,+1-992-910
1181,Joshua,matthewortiz@gmail.com,(940)617-4
1002,Christopher,maldonadochristine@gmail.com,547.287.83
1369,Bonnie,lewislarry@hotmail.com,+1-939-613
1672,John,briannagolden@yahoo.com,500.882.21
1924,Amy,powerslisa@gmail.com,(977)410-4
1555,Leslie,brian27@hotmail.com,+1-700-423
1833,Robert,zhangscott@hotmail.com,001-278-26
1056,Brandi,epayne@gmail.com,(899)466-3
1777,Annette,barrycatherine@yahoo.com,897.373.31
1554,Isaac,andrew40@gmail.com,(603)445-6
1481,Ethan,carolyncoleman@gmail.com,561-214-58
1730,Billy,morganamy@hotmail.com,(661)360-4
1620,Jessica,xhernandez@hotmail.com,873-979-93
1724,Brandon,johnathanwalls@gmail.com,3395155049
1878,Candice,randall10@yahoo.com,229-389-46
1035,Kimberly,loriharper@hotmail.com,908.380.12
1863,Yolanda,brianjohnson@hotmail.com,(472)798-8
1952,Julie,nixonmark@gmail.com,+1-976-621
1302,Jennifer,martingonzalez@yahoo.com,(594)853-5
1934,Patrick,eric82@gmail.com,755.564.43
1765,Tyler,kathy09@gmail.com,716.332.00
1654,Sandra,bharper@yahoo.com,441-428-56
1613,Judith,matthewcastillo@hotmail.com,+1-868-556
1327,Amber,chad24@hotmail.com,317.215.19
1563,Marcus,diana16@hotmail.com,(774)971-6
1130,Jose,baileyjesse@hotmail.com,(881)512-5
1631,Christopher,mark27@gmail.com,791-941-92
1124,Jonathan,amy34@hotmail.com,001-852-70
1885,Melissa,amymcclure@yahoo.com,(895)520-0
1564,Donald,egonzalez@hotmail.com,287-864-63
1342,Michael,justin33@yahoo.com,(958)897-8
1392,Lydia,mbarnes@gmail.com,+1-789-205
1565,Danny,valentinerita@hotmail.com,001-464-55
1875,Brian,larsenbenjamin@yahoo.com,001-493-22
1942,Jessica,phillipsjuan@yahoo.com,484-955-94
1547,Ian,clinton63@gmail.com,876.991.20
1335,Peter,kristen00@hotmail.com,+1-503-688
1213,Jessica,mary36@hotmail.com,969-862-82
1603,Vincent,barbara42@yahoo.com,(306)675-2
1646,Michael,jarvistamara@hotmail.com,308.968.87
1835,Tara,eric55@yahoo.com,+1-950-646
1025,Nancy,montgomerychristopher@yahoo.com,(963)843-5
1265,Misty,walkerdavid@gmail.com,702.970.66
1901,Sandra,evelasquez@hotmail.com,894.560.76
1976,Melanie,khines@gmail.com,+1-691-934
1185,Robert,ikeith@gmail.com,(729)330-8
1898,Jacqueline,bruce06@hotmail.com,251.404.41
1692,Daniel,ohenderson@hotmail.com,001-670-45
1502,Rebecca,williamsonryan@gmail.com,862-938-56
1678,Alexis,erin19@gmail.com,346.647.83
1376,Ernest,sarah61@hotmail.com,201-534-22
1093,Kimberly,graveselizabeth@hotmail.com,+1-701-684
1430,Daniel,julie60@yahoo.com,(912)664-3
1767,Jonathan,jenkinsteresa@yahoo.com,893.919.26
1916,Angela,bonnie12@hotmail.com,+1-908-603
1212,Samuel,wrightjoshua@hotmail.com,455-852-63
1182,Stacy,kenneth48@yahoo.com,001-381-88
1905,Donald,njones@gmail.com,+1-238-216
1599,Brandon,vporter@yahoo.com,2989671101
1173,Sharon,ashley28@gmail.com,001-944-56
1853,Aaron,danawilliams@yahoo.com,618.725.70
1258,Stephanie,victoria14@gmail.com,001-502-38
1608,Emily,weaverjames@yahoo.com,(876)680-4
1989,Willie,jamesvance@hotmail.com,500.851.86
1645,Lisa,qgonzalez@yahoo.com,(476)372-2
1486,Andrea,lucas29@hotmail.com,+1-889-226
1797,Bonnie,ugibbs@yahoo.com,5075264987
1506,Benjamin,monicaclay@yahoo.com,269-664-73
1639,Amanda,jenniferespinoza@gmail.com,+1-740-992
1367,Riley,coxkatelyn@hotmail.com,+1-410-620
1745,Amanda,mcintyreroger@hotmail.com,506.783.40
1382,Crystal,veronica22@yahoo.com,(338)344-6
1128,Joshua,austin03@hotmail.com,+1-380-972
1746,Denise,john92@gmail.com,547.860.24
1980,Philip,kingdavid@yahoo.com,001-421-21
1084,Anna,bmartinez@hotmail.com,(272)701-0
1758,Briana,ehughes@yahoo.com,916-690-50
1546,Adrienne,matthewdavis@hotmail.com,493-627-84
1336,Melissa,uwhitaker@gmail.com,001-605-22
1402,Danny,scottrobert@gmail.com,+1-930-869
1179,William,houstonkathleen@hotmail.com,(312)732-6
1196,Jeffrey,xmarshall@yahoo.com,8449575457
1263,Alexis,rita80@hotmail.com,(745)884-1
1218,Douglas,buckisabella@gmail.com,2674414968
1584,Jason,wilkinsmichael@yahoo.com,001-290-45
1995,Kyle,gibsonwilliam@hotmail.com,+1-993-516
1365,Kenneth,brianwhite@hotmail.com,810-770-95
1313,Cheryl,toddmcneil@gmail.com,989.916.05
1479,Penny,gutierrezjackie@yahoo.com,001-389-69
1832,Shawn,stacymills@yahoo.com,979.354.72
1311,Nancy,hmonroe@hotmail.com,2179165278
1274,Micheal,ubullock@hotmail.com,001-329-42
1847,Karen,gibsonnorma@yahoo.com,581-537-70
1974,Brett,djones@hotmail.com,(556)548-0
1138,Michele,lorisimmons@hotmail.com,602.457.33
1067,Danielle,esullivan@gmail.com,772-803-90
1199,Patricia,lisa82@hotmail.com,(496)823-2
1763,Mark,sharonandrews@hotmail.com,292-733-61
1850,Richard,james34@hotmail.com,001-460-49
1083,Jessica,andrewgomez@yahoo.com,624-961-95
1559,Louis,danielbrowning@yahoo.com,+1-238-922
1617,Erika,davisjennifer@hotmail.com,(835)503-9
1944,Robert,gcox@hotmail.com,(722)760-0
1175,Jeremiah,stephenwatkins@gmail.com,001-370-37
1805,David,dtapia@gmail.com,(202)444-6
1749,Lauren,wprice@hotmail.com,8755616241
1069,Jose,elizabeth11@hotmail.com,(591)964-1
1194,Michelle,carolyn03@gmail.com,(358)952-4
1118,Abigail,matthewroberts@yahoo.com,+1-964-914
1293,George,markhill@yahoo.com,466-587-37
1954,Patricia,kbaker@gmail.com,001-650-74
1501,Bruce,ericyoung@gmail.com,663.679.97
1307,Deborah,barryjones@yahoo.com,288-264-80
1772,Mary,raymond03@yahoo.com,(832)450-5
1051,Daisy,jacobgonzalez@gmail.com,(279)226-6
1110,Jeremiah,johnnyramirez@yahoo.com,(599)599-9
1960,Andrew,jonathanwong@hotmail.com,(319)659-5
1163,John,mark64@gmail.com,453-779-03
1915,Monica,jessicagray@hotmail.com,(763)463-5
1011,Brian,raymondsawyer@gmail.com,615-965-56
1896,Thomas,mollywilliams@hotmail.com,+1-244-269
1421,Sara,ghill@yahoo.com,(889)283-2
1323,Jessica,zachary58@gmail.com,874.551.85
1495,Rebecca,raytiffany@gmail.com,270-800-98
1137,Christine,williamsalisha@yahoo.com,609-268-45
1830,Jennifer,darrentrevino@hotmail.com,310.351.17
1490,Tonya,lhayes@gmail.com,214-232-42
1968,Laura,barbarajones@hotmail.com,001-346-94
1127,Jeanette,arthur96@yahoo.com,001-970-56
1533,Stephen,alexander94@gmail.com,001-320-84
1045,Lori,ssanders@gmail.com,001-556-25
1092,Lisa,ellisgary@yahoo.com,241-705-57
1359,Mary,kschroeder@gmail.com,(693)684-2
1824,Cassandra,bowersthomas@hotmail.com,(804)397-9
1899,Robert,bmiller@yahoo.com,378-906-25
1895,John,brandonhickman@yahoo.com,001-581-90
1018,Jeffrey,johnhoffman@hotmail.com,+1-616-894
1268,Shaun,fostervanessa@hotmail.com,890.677.25
1186,Margaret,sperry@gmail.com,+1-602-203
1652,Ronald,nicholaswatts@yahoo.com,(897)385-1
1243,Stephanie,stephenturner@hotmail.com,(262)251-2
1157,Emily,kleinsara@gmail.com,(962)555-8
1715,Laura,alexandernichols@yahoo.com,(316)527-7
1296,Katie,juansherman@yahoo.com,385.750.85
1310,Stephen,vsalas@gmail.com,+1-205-728
1054,Kyle,james05@yahoo.com,262-726-79
1091,Marcus,david13@hotmail.com,3592239089
1534,Dustin,stevenslaura@gmail.com,233.923.89
1330,Lisa,jessicacruz@gmail.com,001-855-87
1781,Veronica,hoodalison@hotmail.com,+1-364-852
1743,Toni,hoffmanhector@gmail.com,671-590-54
1461,Harold,kyleanderson@yahoo.com,+1-712-725
1270,Kristen,caleb71@hotmail.com,292.577.12
1159,John,ibray@yahoo.com,805.654.17
1696,Sandra,luisknapp@hotmail.com,+1-365-520
1819,Dillon,jacqueline57@gmail.com,(937)868-7
1706,Adam,abrown@hotmail.com,9657596015
1423,Andrew,andrewsmith@hotmail.com,275-928-38
1544,Emily,briana72@gmail.com,001-761-83
1140,Amanda,carla91@gmail.com,(574)459-4
1436,Amber,rbryant@yahoo.com,366.453.21
1377,James,lopezjennifer@hotmail.com,(384)790-0
1858,Brian,kevinmurray@yahoo.com,+1-695-359
1345,Brittany,david09@hotmail.com,9124619332
1288,Julie,pparrish@hotmail.com,940-926-64
1695,Wayne,lisa05@yahoo.com,961-655-49
1063,Scott,edwardmccarty@yahoo.com,001-476-45
1482,Kristina,reyesgarrett@hotmail.com,771.635.63
1321,Sandra,xdavid@gmail.com,918.705.23
1319,Susan,ytaylor@yahoo.com,001-875-42
1965,Anthony,xanderson@hotmail.com,348-887-95
1964,Elizabeth,joshuasanchez@gmail.com,(917)776-8
1512,James,anameyer@hotmail.com,6193259626
1043,Benjamin,zcollins@hotmail.com,001-695-39
1283,Nicole,frybryan@hotmail.com,(935)397-6
1726,Mackenzie,loganjoyce@gmail.com,955.478.74
1410,John,jamesgarner@yahoo.com,(285)625-0
1798,Shelley,reginald04@gmail.com,+1-985-777
1951,Arthur,austinlevine@gmail.com,+1-996-409
1567,Christopher,andrew74@gmail.com,358-889-12
1060,Mackenzie,bward@gmail.com,+1-452-877
1650,Susan,philip74@yahoo.com,+1-369-653
1318,Bruce,christopherjohnson@hotmail.com,812-938-94
1246,Ana,kenneth94@hotmail.com,001-410-91
1553,Edward,melissa98@hotmail.com,533.453.81
1919,Brian,jason51@gmail.com,+1-417-764
1663,Beth,kevinmiller@yahoo.com,+1-988-752
1637,Gregory,jgonzalez@gmail.com,407-433-36
1911,Matthew,hwoods@yahoo.com,+1-665-790
1361,Rebecca,asmith@yahoo.com,294-344-09
1451,Brandon,sherrihanna@gmail.com,001-620-55
1589,Donna,jhowell@yahoo.com,281-268-06
1703,Samantha,jonathan10@yahoo.com,357-320-32
1611,Megan,fmorgan@hotmail.com,001-994-58
1718,Anthony,whitecarol@yahoo.com,(769)733-9
1841,Heidi,matthewadkins@yahoo.com,549-977-93
1845,Mariah,christophermarshall@hotmail.com,287-447-78
1032,Brian,jermainecraig@gmail.com,001-652-24
1062,Wanda,randolphallison@gmail.com,(884)476-3
1445,Melissa,usawyer@gmail.com,(554)988-5
1685,Mary,hernandezjessica@gmail.com,3718086967
1881,Tony,angelaflowers@yahoo.com,001-562-57
1466,Victor,phoward@yahoo.com,943.668.83
1734,Nicole,jeffrey73@yahoo.com,(426)937-8
1569,Holly,sotoelijah@hotmail.com,552.460.31
1525,Patrick,kgregory@gmail.com,6925484672
1100,Julia,lpatel@gmail.com,362-547-09
1515,Steve,williamsjeffrey@gmail.com,(784)614-4
1255,Anne,istephens@yahoo.com,813.638.22
1574,Tiffany,wcruz@yahoo.com,263-612-89
1784,Shannon,hartdaniel@yahoo.com,6995552312
1431,Gary,oprice@yahoo.com,258.393.72
1580,John,andrea92@gmail.com,001-596-42
1031,Christopher,smithmatthew@yahoo.com,(322)505-6
1012,Steven,lewislisa@gmail.com,(810)948-8
1144,Ashley,travis96@yahoo.com,(271)631-1
1013,Karen,barajaslaura@hotmail.com,931.439.79
1275,Amber,thompsonwilliam@gmail.com,(850)452-8
1883,Natalie,ocampbell@gmail.com,+1-584-600
1460,Robin,monica41@gmail.com,(233)391-7
1171,Amanda,erodriguez@gmail.com,3232741833
1665,Dennis,bridgeskristina@hotmail.com,244.786.49
1496,Brian,michellesanchez@hotmail.com,918.987.85
1868,Erik,jennifer90@yahoo.com,602-954-82
1188,Mario,darrell20@hotmail.com,+1-246-892
1034,Kayla,stephanie57@gmail.com,+1-481-979
1474,Stephanie,gibbsjohn@yahoo.com,817.675.41
1050,Andrea,brandtkenneth@yahoo.com,315-702-92
1228,Regina,chavezseth@yahoo.com,411-738-96
1072,Peter,michael78@yahoo.com,395.792.07
1395,Mark,trevorpowell@yahoo.com,001-301-64
1897,Steven,paulacarpenter@hotmail.com,001-564-65
1433,Kimberly,garciabrooke@yahoo.com,(891)455-7
1257,Andre,elizabeth76@gmail.com,(917)396-6
1220,Amanda,larry42@gmail.com,3204355858
1970,Jeffrey,browninglisa@gmail.com,001-718-87
1929,Stacey,loganrowe@gmail.com,8904483060
1224,George,kennethferguson@hotmail.com,409-249-75
1542,Oscar,crystal99@hotmail.com,234.818.52
1459,Susan,coxvictoria@gmail.com,001-507-72
1768,Kayla,sandra51@yahoo.com,643-828-12
1573,Sarah,andrew33@hotmail.com,001-862-29
1442,Phillip,sawyermanuel@yahoo.com,(533)292-5
1842,Julie,danielle84@gmail.com,001-915-89
1668,Brandon,gallegosgary@hotmail.com,001-773-20
1682,Joseph,crystalwashington@yahoo.com,+1-895-416
1517,Dominique,kelsey15@hotmail.com,3855404095
1363,Stephanie,boonerachel@gmail.com,712-207-85
1948,Donald,johnsonaaron@yahoo.com,487.671.11
1168,Michelle,nguyenjames@yahoo.com,+1-733-855
1704,John,kevinrasmussen@hotmail.com,326.332.30
1994,Jessica,kimberly66@gmail.com,(303)901-1
1492,Zachary,paul50@gmail.com,856.533.74
1399,Jean,aaronjohnson@gmail.com,596.876.35
1986,Michael,karengarcia@yahoo.com,+1-422-619
1007,Sandra,rebecca20@yahoo.com,965.655.49
1779,Matthew,annegraham@gmail.com,+1-560-336
1884,Shelia,richardsmith@hotmail.com,+1-750-461
1384,Sheena,matalarry@hotmail.com,(723)888-6
1699,Phillip,jpalmer@hotmail.com,001-706-99
1214,Michelle,morgan11@hotmail.com,+1-766-361
1535,Lance,jcabrera@hotmail.com,748-271-79
1412,Kristi,jenniferjenkins@gmail.com,215.871.63
1094,Patrick,hollandlindsay@hotmail.com,643-730-27
1621,Adriana,allison02@yahoo.com,709.986.90
1676,Kathryn,dawn07@gmail.com,333-883-47
1125,Barbara,christopheralvarez@hotmail.com,+1-853-496
1272,Caleb,valerie55@yahoo.com,001-541-59
1467,Michael,lbarker@hotmail.com,534.806.28
1284,Kimberly,ihoward@gmail.com,999-351-74
1209,William,jflores@hotmail.com,001-226-60
1117,Lauren,tuckerkristina@yahoo.com,750.248.47
1609,Angela,sharonnelson@yahoo.com,976-654-46
1513,Julie,laurenedwards@yahoo.com,5757797922
1017,James,mirandataylor@hotmail.com,(757)758-4
1235,Kathleen,karen36@gmail.com,384.759.16
1523,Shelby,fschwartz@yahoo.com,001-832-60
1618,Cynthia,arnoldlisa@yahoo.com,001-555-56
1526,Joseph,raytyler@yahoo.com,001-697-89
1979,Joseph,ithomas@hotmail.com,(352)227-2
1240,Isaac,arnoldandrea@hotmail.com,(285)618-4
1370,Kimberly,jonesandrew@hotmail.com,+1-997-308
1785,Amy,ubutler@hotmail.com,266-939-28
1958,Sarah,kennethmolina@gmail.com,001-289-76
1099,Whitney,singhgloria@yahoo.com,+1-369-929
1470,Eric,tony36@gmail.com,(321)406-5
1953,Megan,lucas22@gmail.com,315-900-68
1815,Joseph,ekelly@gmail.com,203.932.80
1524,Sara,lindseyamber@gmail.com,001-419-45
1156,William,tinacampbell@yahoo.com,(850)503-6
1728,Charles,valerie12@gmail.com,001-729-54
1343,Scott,hernandezanthony@gmail.com,+1-496-867
1425,Glen,susanstevens@hotmail.com,(491)412-8
1903,Darius,stefanie56@yahoo.com,+1-680-494
1471,Robin,thomasmelissa@hotmail.com,315-527-80
1984,Amy,vpearson@gmail.com,(756)534-0
1438,Savannah,wpeters@yahoo.com,859.543.21
1790,Amy,reneearmstrong@gmail.com,001-483-90
1058,James,torreschristine@hotmail.com,389-517-47
1203,Maria,pabbott@hotmail.com,713.657.47
1998,Anthony,qneal@yahoo.com,001-629-56
1963,Michelle,lstanley@gmail.com,672-805-38
1044,Sarah,brian53@hotmail.com,235-410-98
1210,Michelle,gcortez@gmail.com,001-370-41
1355,Joseph,jessicacosta@gmail.com,401-472-24
1437,Barbara,ibanks@hotmail.com,537.822.31
1271,Brandon,ismith@yahoo.com,685-474-31
1141,Matthew,sandra68@hotmail.com,868.825.88
1776,Blake,coxjonathan@gmail.com,+1-406-387
1876,Lee,snydercindy@hotmail.com,9392989912
1483,Sean,stevenjones@gmail.com,+1-410-682
1042,Jamie,lopezjennifer@hotmail.com,+1-885-381
1651,Kathleen,corr@yahoo.com,+1-411-693
1303,Jimmy,qfranklin@yahoo.com,328.312.31
1557,Rhonda,mooremelissa@gmail.com,967-280-76
1439,Drew,emilystephens@yahoo.com,(662)581-7
1287,Matthew,awinters@hotmail.com,(856)964-2
1707,Cheryl,agriffin@yahoo.com,+1-675-967
1795,Paul,williamslaurie@gmail.com,5197728477
1702,David,zhawkins@yahoo.com,330-305-64
1028,Vickie,paul61@gmail.com,(367)698-8
1106,Courtney,spearstracy@gmail.com,2462043005
1971,Michelle,aturner@yahoo.com,480-634-22
1232,Melvin,anthonyblack@gmail.com,671-913-65
1852,Susan,dsmith@gmail.com,850-429-47
1133,Cory,michellecarrillo@gmail.com,001-899-33
1136,Jason,brooke67@gmail.com,001-997-70
1972,David,pruittjohnny@yahoo.com,+1-813-253
1931,Dan,lunasarah@yahoo.com,9706308836
1694,Martin,kevin79@yahoo.com,+1-927-334
1353,Deanna,brian64@yahoo.com,546.410.68
1041,Donna,mariahblake@gmail.com,001-220-35
1059,Jennifer,hernandezmartin@hotmail.com,001-403-24
1752,Duane,lauriemalone@hotmail.com,3365255002
1507,Joshua,jenniferaguilar@hotmail.com,001-737-63
1278,Steven,andrew98@hotmail.com,6939307449
1799,Meredith,pware@hotmail.com,+1-465-833
1792,Lauren,laurajackson@gmail.com,+1-399-388
1191,Lisa,wrightjacob@yahoo.com,(201)923-3
1766,Mark,lawrence60@gmail.com,(727)645-4
1851,Joseph,petersonnicole@hotmail.com,001-747-20
1406,Charles,evansmichael@hotmail.com,001-305-97
1583,Jonathan,beckerchristopher@gmail.com,695.378.30
1809,Brett,stephensonheather@gmail.com,296.796.55
1568,Amy,sara40@gmail.com,+1-958-280
1427,James,mturner@gmail.com,534.371.89
1623,Brian,jennifer25@hotmail.com,(628)219-2
1900,Robert,david09@gmail.com,+1-941-614
1021,Daniel,christopher49@gmail.com,406.578.81
1333,Michael,ana81@yahoo.com,312.700.13
1177,Michelle,emorgan@gmail.com,001-533-66
1403,Martin,mary44@yahoo.com,998.308.12
1401,Maria,tyler67@yahoo.com,937-261-92
1304,Jimmy,ashley51@hotmail.com,+1-490-461
1856,Donna,johnsonpatricia@hotmail.com,274.826.32
1949,Cody,ilynch@hotmail.com,7153257209
1504,Joshua,eriklewis@yahoo.com,382.838.44
1759,Alexandra,morrisbethany@hotmail.com,001-592-63
1109,Julia,brianharris@hotmail.com,(557)988-5
1472,Jeffrey,jamesstout@hotmail.com,736-967-83
1269,Madison,josephbecker@hotmail.com,917-281-64
1206,Jessica,udavis@yahoo.com,+1-891-775
1634,Eric,vanessakeith@gmail.com,8766901614
1816,Matthew,johnsonjared@gmail.com,389.581.89
1642,Mark,emilyvasquez@hotmail.com,+1-583-736
1078,Jackie,danielhoffman@hotmail.com,861-985-29
1680,Julie,clewis@gmail.com,(937)703-0
1349,Barbara,bryan42@hotmail.com,468-977-18
1828,Sonia,paul83@hotmail.com,001-503-34
1865,Tanya,danny43@gmail.com,001-499-58
1887,Jeffrey,walshdaniel@hotmail.com,9942519130
1413,Joel,fhardin@hotmail.com,458-910-65
1264,Robert,mary57@gmail.com,001-361-62
1154,Kelly,blopez@hotmail.com,(358)390-3
1891,Deborah,estesanne@gmail.com,(525)222-4
1219,Jay,omorales@hotmail.com,+1-480-720
1783,Tina,garzakimberly@yahoo.com,323-654-27
1103,Jeremy,kylewalls@gmail.com,001-764-40
1938,James,jessicaking@hotmail.com,(604)950-9
1432,Charles,jennifermoore@gmail.com,+1-866-550
1142,Michael,nreed@gmail.com,235.694.41
1223,Nathan,scott86@gmail.com,966.969.33
1658,Victor,james35@hotmail.com,001-776-95
1843,Laura,ybuck@hotmail.com,001-646-87
1926,Catherine,vrivera@gmail.com,(953)744-3
1378,Jennifer,cpalmer@gmail.com,733.640.77
1242,Thomas,codymiller@gmail.com,+1-735-888
1922,Kelli,williecrawford@yahoo.com,(738)254-8
1889,Christopher,dhoffman@yahoo.com,480-909-69
1405,Cameron,cochranalexandra@hotmail.com,937-791-71
1120,Allison,shawn47@hotmail.com,952.715.30
1362,Ashley,hpowers@yahoo.com,753.291.00
1907,Sharon,acantu@hotmail.com,001-276-30
1600,Katherine,evaldez@yahoo.com,(571)366-8
1516,Melinda,alyssa55@yahoo.com,465.844.34
1046,Donna,bryan62@hotmail.com,524.877.41
1710,Raymond,christian04@yahoo.com,+1-531-211
1855,Michelle,christopher66@gmail.com,768.639.33
1826,John,jennifercox@gmail.com,+1-848-783
1134,Craig,qbond@hotmail.com,001-346-24
1536,Kelsey,christophersullivan@yahoo.com,462-705-61
1088,Barbara,santiagosamuel@yahoo.com,892-828-75
1087,Carl,rebecca98@hotmail.com,2233341763
1463,Michael,blackrobert@yahoo.com,(380)393-9
1648,Sheryl,perrybailey@yahoo.com,(351)377-6
1291,Robert,zachary35@yahoo.com,+1-843-928
1577,Brent,maryrobinson@hotmail.com,338-860-78
1788,Caitlyn,elizabeth93@gmail.com,+1-694-566
1254,Catherine,michael55@yahoo.com,+1-529-500
1545,Christopher,christopherrodriguez@hotmail.com,947.689.72
1334,Alec,tracydiaz@hotmail.com,675.505.18
1244,Tammy,kaylahayes@hotmail.com,234-389-65
1116,Angela,kyle78@hotmail.com,+1-503-748
1604,John,frodriguez@yahoo.com,+1-898-684
1628,Brandon,ryanmary@hotmail.com,820-550-44
1552,Chelsea,brandonmatthews@hotmail.com,912-316-38
1390,Michael,fmooney@hotmail.com,6752592115
1671,Leroy,shannonlester@yahoo.com,001-297-25
1150,Stephanie,april59@hotmail.com,+1-443-546
1556,Kim,normanjohn@yahoo.com,+1-429-251
1337,Austin,kimberly94@gmail.com,+1-806-236
1786,Jared,velasquezkeith@gmail.com,8026439690
1561,Jennifer,emccoy@hotmail.com,001-659-73
1005,Gregory,katrina04@yahoo.com,(662)881-4
1340,Amanda,donald65@yahoo.com,(525)837-9
1497,Amanda,tracy81@gmail.com,001-647-32
1418,Matthew,wlong@hotmail.com,460.324.33
1716,Thomas,patrickgreene@hotmail.com,898-976-34
1836,Natasha,ostewart@hotmail.com,+1-616-324
1487,Martin,kelli78@hotmail.com,(643)256-1
1038,Stephen,ehowell@gmail.com,001-902-61
1967,Jessica,sandra83@hotmail.com,+1-732-222
1992,Valerie,duane41@yahoo.com,667.649.07
1873,Pamela,dayashley@hotmail.com,520-900-16
1290,Angela,allendaniel@hotmail.com,780-259-68
1452,Michael,davidroberts@gmail.com,687.937.50
1174,Shelly,wbrewer@yahoo.com,3544835182
1350,Emily,mcphersonalyssa@yahoo.com,001-309-68
1119,Renee,stephensbrandon@hotmail.com,+1-516-437
1324,Deanna,romeroscott@hotmail.com,+1-630-953
1424,James,samuel74@yahoo.com,(999)875-6
1300,Brian,pharrison@yahoo.com,(729)581-9
1590,James,randolphgerald@gmail.com,756.388.99
1315,Christopher,danielsclarence@hotmail.com,474-950-14
1539,Nicholas,derekhess@gmail.com,001-298-78
1808,Jenna,gonzalezdavid@yahoo.com,677.570.76
1419,Melissa,ptaylor@gmail.com,833.475.00
1364,Sergio,alexis56@gmail.com,+1-721-338
1537,Sharon,ynichols@hotmail.com,926-513-37
1871,Jessica,xhernandez@yahoo.com,709-483-04
1101,Ann,henry39@yahoo.com,+1-763-955
1409,Natasha,johnmorris@yahoo.com,400.446.46
1737,Lynn,hwilliams@yahoo.com,3886823717
1910,Timothy,maria92@yahoo.com,(828)773-5
1227,Margaret,amanda72@gmail.com,(426)486-9
1886,Taylor,martinezpaul@gmail.com,511-244-55
1108,Whitney,curtisbell@hotmail.com,+1-846-841
1184,Jennifer,fostermikayla@hotmail.com,(925)832-1
1660,John,ejohnson@hotmail.com,001-778-37
1247,Tracey,imartinez@gmail.com,+1-386-731
1806,Kimberly,sanchezallison@gmail.com,627-440-88
1762,Eddie,collinibarra@yahoo.com,+1-540-768
1505,Kathleen,kimberly50@hotmail.com,493.483.14
1700,Jim,gmaddox@yahoo.com,(693)341-3
1791,Ernest,kyoung@yahoo.com,(953)344-0
1712,William,mmoore@gmail.com,(873)640-0
1145,Jennifer,brightsteven@hotmail.com,(415)572-2
1216,Amanda,salasmonica@yahoo.com,001-445-79
1077,Samuel,wagnerjoe@hotmail.com,254-471-42
1147,Maria,dharris@gmail.com,262-829-43
1420,Mason,alvaradoashley@yahoo.com,(412)976-7
1823,Heidi,lrobertson@gmail.com,+1-871-982
1201,Anita,david99@hotmail.com,001-578-72
1927,Eric,fhill@hotmail.com,9554301680
1251,Thomas,jcraig@hotmail.com,+1-266-976
1719,Katherine,shawnwilliams@hotmail.com,413.343.63
1912,Morgan,michaelpetty@hotmail.com,001-703-74
1935,Trevor,qmckee@hotmail.com,(904)942-2
1578,Nathan,davismichelle@gmail.com,(280)834-9
1161,Sandra,nbecker@gmail.com,8673044672
1371,Christopher,pittskathy@gmail.com,500.523.80
1615,Charlotte,millerian@gmail.com,945-805-28
1861,Hannah,clarkabigail@yahoo.com,787.914.94
1449,Kristy,daniel45@gmail.com,+1-735-842
1657,Carlos,serranomichael@hotmail.com,239-572-10
1379,Daniel,thoward@yahoo.com,(318)919-0
1166,Christopher,martinezcatherine@yahoo.com,+1-699-246
1902,Jacqueline,gabrielle68@gmail.com,209.220.71
1075,Jesse,wmills@gmail.com,3029779755
1253,Jacqueline,hboyd@yahoo.com,+1-931-519
1441,Brenda,sanderssean@yahoo.com,4845242078
1465,Cheryl,donna25@yahoo.com,618-236-89
1729,Stephen,rwright@hotmail.com,323-989-42
1510,Kristine,milesmonique@yahoo.com,+1-923-565
1771,Kenneth,bhall@yahoo.com,793-525-45
1630,Faith,laurenaguirre@gmail.com,636.434.16
1484,Lisa,jessica75@gmail.com,001-466-76
1519,Lisa,nathanestes@yahoo.com,+1-538-715
1429,David,elliskevin@gmail.com,(812)992-7
1366,Audrey,pwalker@hotmail.com,001-709-23
1594,Austin,kathrynross@gmail.com,484.882.26
1456,Donald,wellis@gmail.com,+1-670-541
1860,Chad,christine18@hotmail.com,399.812.34
1266,Laura,mtaylor@yahoo.com,663.570.97
1148,Lance,mrobinson@gmail.com,2035591801
1754,Darryl,brownerik@hotmail.com,001-214-20
1312,Dana,andersonjeremiah@yahoo.com,597-415-71
1689,Dale,aprilmcclure@hotmail.com,001-252-78
1750,Caroline,emilybrown@hotmail.com,576.606.11
1664,Suzanne,qharris@yahoo.com,001-859-40
1595,Michelle,uraymond@gmail.com,001-645-48
1064,Robert,barbarakelley@yahoo.com,712-720-67
1741,James,jeffreywilson@gmail.com,710.605.79
1705,Kenneth,lisawhite@yahoo.com,(519)824-0
1480,Ryan,paulstewart@hotmail.com,289-755-59
1089,Paul,clarksandra@yahoo.com,001-817-88
1314,Rebecca,bobbrown@yahoo.com,6245713506
1602,Mandy,angela15@yahoo.com,001-670-69
1848,Henry,nicholassnyder@gmail.com,(368)470-1
1347,Amy,jsnyder@hotmail.com,+1-269-804
1626,Jeanette,wendy52@hotmail.com,(390)371-5
1416,Craig,vlewis@gmail.com,(596)664-6
1761,Jennifer,hartjose@gmail.com,+1-378-899
1987,Kathryn,mhill@yahoo.com,850.817.14
1925,Ryan,owood@hotmail.com,(573)606-2
1511,Sandra,njohnson@hotmail.com,2648751400
1921,Robert,fdawson@gmail.com,+1-513-338
1037,Christina,fhart@gmail.com,(634)456-1
1256,Wendy,bakermalik@yahoo.com,(534)761-7
1488,Alex,fmcclain@hotmail.com,586-565-32
1627,Benjamin,linda60@gmail.com,+1-443-455
1981,Michael,bbaird@yahoo.com,+1-831-422
1454,Leah,zmorales@yahoo.com,408.806.48
1455,Victoria,hendersonthomas@yahoo.com,813-573-03
1787,Jonathan,uwoodard@gmail.com,001-441-74
1782,Sonya,pellis@hotmail.com,879.498.46
1662,Randall,matthewromero@gmail.com,711.364.18
1985,Raymond,michael61@hotmail.com,2266931170
1838,Erica,sjackson@yahoo.com,(396)472-7
1450,Jonathan,rcrosby@gmail.com,001-400-44
1015,Keith,michelle93@hotmail.com,(232)636-6
1932,Richard,brianbarnes@hotmail.com,(275)993-9
1115,Nicholas,dawncampbell@gmail.com,+1-281-438
1308,Steve,wlewis@hotmail.com,613-212-22
1493,Russell,heather71@hotmail.com,9484614248
1693,Seth,christopher18@yahoo.com,307-210-87
1112,Nancy,bethbranch@gmail.com,(681)801-6
1126,Jenny,iharris@hotmail.com,001-582-73
1904,Clifford,kathy68@gmail.com,4025873771
1187,Brandon,kmcdaniel@gmail.com,001-863-50
1755,Samantha,kristy31@hotmail.com,+1-301-804
1820,James,imartin@gmail.com,(266)970-7
1289,Alicia,mitchell39@hotmail.com,815.449.23
1485,Kristen,krose@yahoo.com,(356)536-8
1372,Jeffery,woodjohn@gmail.com,+1-533-529
1006,Patricia,zkennedy@hotmail.com,264.530.88
1697,Steven,coxcindy@gmail.com,973-397-27
1643,Angela,cmathis@yahoo.com,897.865.33
1444,Matthew,kellis@gmail.com,401.280.49
1394,Adam,lawrence51@hotmail.com,(335)645-0
1775,Cynthia,ecarter@yahoo.com,592-247-42
1172,Hannah,xthomas@yahoo.com,001-625-95
1348,Samantha,wilkinsonhenry@hotmail.com,5515338351
1793,Wendy,brenda71@hotmail.com,4564135384
1691,Thomas,xsmith@yahoo.com,895.669.22
1373,John,chughes@yahoo.com,412-764-30
1739,Dana,whitakertanya@gmail.com,001-481-26
1543,Lisa,mariamcguire@hotmail.com,735-984-66
1033,Christina,meadowsanthony@gmail.com,(286)607-0
1679,Susan,awilliams@hotmail.com,589-557-04
1475,William,elizabeth22@yahoo.com,461-521-51
1803,Cheryl,thill@gmail.com,7913100550
1285,Elizabeth,markrodriguez@hotmail.com,379-812-22
1208,Danny,laura44@hotmail.com,(623)439-3
1725,Jeff,sextongerald@hotmail.com,+1-778-749
1354,Darlene,ronaldcooley@yahoo.com,515.239.31
1153,Philip,stacymason@yahoo.com,3468875717
